MSG,1507681,DIRNAME:0069
VER,1507685,3
MSG,1517999,CAN init done
MSG,1521149,I2C init done
ERR,am whoami,0
ERR,am whoami,0
MSG,2330150,Sending CAN test message
MSG,2531002,Accelerometer not ready
MSG,2732002,Gyroscope not ready
ERR,am whoami,0
ERR,am whoami,0
CAN,3536009,1,01F0A000,1F1B26103ADB1139
CAN,3536020,1,01F0A003,B8BB00000748C36C
CAN,3536031,1,01F0A004,0230584EFF500108
CAN,3536042,1,01F0A005,0000005500E2000A
A1,3536076,669
MSG,3739538,Accelerometer not ready
MSG,3940002,Gyroscope not ready
ERR,am whoami,0
ERR,am whoami,0
CAN,4744009,1,01F0A00B,03E80D7A00003200
CAN,4744020,1,01F0A00A,6464646464640000
CAN,4744031,1,01F0A000,1666227032011139
CAN,4744041,1,01F0A000,26DD1DD133171138
A1,4744076,680
MSG,4947538,Accelerometer not ready
MSG,5148002,Gyroscope not ready
ERR,am whoami,0
ERR,am whoami,0
CAN,5952009,1,01F0A004,01C25C4EFF530108
CAN,5952020,1,01F0A005,0000008A00D5000A
CAN,5952031,1,01F0A006,30802800ACFF8000
CAN,5952042,1,02F0A009,27108E1103E80000
A1,5952076,689
MSG,6155538,Accelerometer not ready
MSG,6356002,Gyroscope not ready
ERR,am whoami,0
ERR,am whoami,0
CAN,7160009,1,01F0A000,18F9203230941138
CAN,7160020,1,01F0A003,B8BB00000747C5D4
CAN,7160031,1,01F0A004,01E2544EFF540108
CAN,7160042,1,01F0A012,0192000000003200
A1,7160076,701
MSG,7363538,Accelerometer not ready
MSG,7564002,Gyroscope not ready
ERR,am whoami,0
ERR,am whoami,0
CAN,8368009,1,01F0A000,1C0522A3302B1137
CAN,8368020,1,01F0A003,B8BB00000747C64A
CAN,8368031,1,01F0A004,0202554EFF560108
CAN,8368042,1,02F0A009,27108E1103E80000
A1,8368090,714
MSG,8571538,Accelerometer not ready
MSG,8772002,Gyroscope not ready
ERR,am whoami,0
ERR,am whoami,0
CAN,9576009,1,01F0A000,1C011F65304C1137
CAN,9576020,1,01F0A003,B8BB00000747C618
CAN,9576031,1,01F0A004,01D7554EFF570108
CAN,9576042,1,01F0A005,0000007800EA000A
A1,9576076,723
MSG,9779538,Accelerometer not ready
MSG,9980002,Gyroscope not ready
ERR,am whoami,0
ERR,am whoami,0
CAN,10784010,1,01F0A020,0000000000000000
CAN,10784021,1,01F0A010,0000000000323200
CAN,10784045,1,01F0A000,1E7823D9390D1137
CAN,10784056,1,01F0A005,0000007F0089000A
A1,10784091,727
MSG,10987538,Accelerometer not ready
MSG,11188002,Gyroscope not ready
ERR,am whoami,0
ERR,am whoami,0
CAN,11992009,1,01F0A000,36DF10B73A9D1137
CAN,11992020,1,01F0A020,0000000000000000
CAN,11992031,1,01F0A010,0000000000323200
CAN,11992042,1,01F0A012,0192000000003200
A1,11992077,759
MSG,12195538,Accelerometer not ready
MSG,12396002,Gyroscope not ready
ERR,am whoami,0
ERR,am whoami,0
CAN,13200023,1,01F0A000,4520100F41351137
CAN,13200034,1,01F0A003,B8BB0000077DC727
CAN,13200045,1,01F0A004,010C674EFF5C1108
CAN,13200056,1,01F0A00B,03E80D7A00003200
A1,13200090,778
MSG,13403538,Accelerometer not ready
MSG,13604002,Gyroscope not ready
ERR,am whoami,0
ERR,am whoami,0
CAN,14408009,1,01F0A00A,6464646464640000
CAN,14408020,1,01F0A000,3A7512453DB51137
CAN,14408031,1,01F0A003,B8BB00000777C703
CAN,14408042,1,02F0A009,27108E1103E80000
A1,14408077,809
MSG,14611538,Accelerometer not ready
MSG,14812016,Gyroscope not ready
ERR,am whoami,0
ERR,am whoami,0
CAN,15616010,1,01F0A020,0000000000000000
CAN,15616021,1,01F0A010,0000000000323200
CAN,15616032,1,01F0A011,0000000000000000
CAN,15616043,1,01F0A003,B8BB00000775C683
A1,15616077,819
MSG,15819538,Accelerometer not ready
MSG,16020002,Gyroscope not ready
ERR,am whoami,0
ERR,am whoami,0
CAN,16824009,1,01F0A004,01315F4EFF611108
CAN,16824020,1,01F0A005,0000008B0099000A
CAN,16824031,1,01F0A000,36EF12E63B581137
CAN,16824042,1,01F0A005,000000850092000A
A1,16824091,835
MSG,17027538,Accelerometer not ready
MSG,17228002,Gyroscope not ready
ERR,am whoami,0
ERR,am whoami,0
CAN,18032009,1,01F0A000,369511E73A101137
CAN,18032020,1,01F0A003,B8BB00000775C6F4
CAN,18032031,1,01F0A004,01245E4EFF611108
CAN,18032042,1,02F0A009,27108E1103E80000
A1,18032076,841
MSG,18235538,Accelerometer not ready
MSG,18436002,Gyroscope not ready
ERR,am whoami,0
ERR,am whoami,0
CAN,19240009,1,01F0A000,1E201F3E37ED1138
CAN,19240020,1,01F0A003,B8BB00000747C727
CAN,19240045,1,01F0A004,01D5564EFF621108
CAN,19240056,1,01F0A005,000000AA00D3000A
A1,19240090,846
MSG,19443538,Accelerometer not ready
MSG,19644002,Gyroscope not ready
ERR,am whoami,0
ERR,am whoami,0
CAN,20448010,1,01F0A020,0000000000000000
CAN,20448021,1,01F0A010,0000000000323200
CAN,20448032,1,01F0A011,0000000000000000
CAN,20448043,1,02F0A009,27108E1103E80000
A1,20448077,851
MSG,20651538,Accelerometer not ready
MSG,20852002,Gyroscope not ready
ERR,am whoami,0
ERR,am whoami,0
CAN,21656009,1,01F0A000,2EE31BCE3B591138
CAN,21656034,1,01F0A00B,03E80D7A00003200
CAN,21656045,1,01F0A00A,6464646464640000
CAN,21656056,1,01F0A000,2C451CB13B9F1138
A1,21656090,867
MSG,21859538,Accelerometer not ready
MSG,22060002,Gyroscope not ready
ERR,am whoami,0
ERR,am whoami,0
CAN,22864009,1,01F0A003,98BB00000758C7A7
CAN,22864020,1,01F0A00B,03E80D7A00003200
CAN,22864031,1,01F0A00A,6464646464640000
CAN,22864042,1,01F0A00A,6464646464640000
A1,22864077,883
MSG,23067538,Accelerometer not ready
MSG,23268002,Gyroscope not ready
ERR,am whoami,0
ERR,am whoami,0
CAN,24072009,1,01F0A000,2D221AD23BD61138
CAN,24072020,1,01F0A003,B8BB00000757C712
CAN,24072031,1,01F0A004,019A5F4EFF631108
CAN,24072042,1,01F0A011,0000000000000000
A1,24072077,878
MSG,24275538,Accelerometer not ready
MSG,24476002,Gyroscope not ready
ERR,am whoami,0
ERR,am whoami,0
CAN,25280010,1,01F0A012,0192000000003200
CAN,25280020,1,01F0A000,2DDA1CCC3C5C1139
CAN,25280031,1,01F0A003,B8BB00000758C6AB
CAN,25280042,1,01F0A005,0000008B0090000A
A1,25280091,870
MSG,25483538,Accelerometer not ready
MSG,25684002,Gyroscope not ready
ERR,am whoami,0
ERR,am whoami,0
CAN,26488009,1,01F0A000,398E10093A721139
CAN,26488020,1,01F0A003,B8BB00000776C767
CAN,26488031,1,01F0A004,010B5D4EFF631108
CAN,26488042,1,01F0A007,FFFF00CC00328201
A1,26488077,898
MSG,26691538,Accelerometer not ready
MSG,26892002,Gyroscope not ready
ERR,am whoami,0
ERR,am whoami,0
CAN,27696009,1,01F0A000,2B0A1C4B3A101139
CAN,27696020,1,01F0A003,B8BB00000756C766
CAN,27696031,1,01F0A004,01BE5F4EFF631108
CAN,27696056,1,02F0A009,27108E1103E80000
A1,27696090,922
MSG,27899538,Accelerometer not ready
MSG,28100002,Gyroscope not ready
ERR,am whoami,0
ERR,am whoami,0
CAN,28904010,1,01F0A003,B8BB00000758C70D
CAN,28904020,1,01F0A004,01CC614DFF631108
CAN,28904031,1,01F0A005,000000AF00E9000A
CAN,28904042,1,01F0A012,0192000000003200
A1,28904077,933
MSG,29107538,Accelerometer not ready
MSG,29308002,Gyroscope not ready
ERR,am whoami,0
ERR,am whoami,0
CAN,30112009,1,01F0A000,2CB11E313BCD113A
CAN,30112034,1,01F0A003,B8BB00000758C7FA
CAN,30112045,1,01F0A004,01C7614EFF631108
CAN,30112056,1,02F0A009,27108E1103E80000
A1,30112090,936
MSG,30315538,Accelerometer not ready
MSG,30516002,Gyroscope not ready
ERR,am whoami,0
ERR,am whoami,0
CAN,31320010,1,01F0A00B,03E80D7A00003200
CAN,31320020,1,01F0A00A,6464646464640000
CAN,31320031,1,01F0A000,2FD019063C5E113A
CAN,31320042,1,01F0A008,3274007300282800
A1,31320077,951
MSG,31523538,Accelerometer not ready
MSG,31724002,Gyroscope not ready
ERR,am whoami,0
ERR,am whoami,0
CAN,32528009,1,01F0A000,2DDC1BF53CCA113A
CAN,32528020,1,01F0A020,0000000000000000
CAN,32528031,1,01F0A010,0000000000323200
CAN,32528042,1,01F0A003,B8BB0000075EC756
A1,32528077,960
MSG,32731538,Accelerometer not ready
MSG,32932002,Gyroscope not ready
ERR,am whoami,0
ERR,am whoami,0
CAN,33736010,1,01F0A020,0000000000000000
CAN,33736021,1,01F0A010,0000000000323200
CAN,33736032,1,01F0A004,01A5614DFF631108
CAN,33736043,1,01F0A012,0192000000003200
A1,33736077,943
MSG,33939538,Accelerometer not ready
MSG,34140002,Gyroscope not ready
ERR,am whoami,0
ERR,am whoami,0
CAN,34944009,1,01F0A000,397F13853CA8113A
CAN,34944020,1,01F0A003,B8BB00000776C6DD
CAN,34944031,1,01F0A004,013A5F4EFF631108
CAN,34944042,1,01F0A005,0000008700B0000A
A1,34944076,949
MSG,35147538,Accelerometer not ready
MSG,35348002,Gyroscope not ready
ERR,am whoami,0
ERR,am whoami,0
CAN,36152009,1,01F0A000,2D5D177D37CA113B
CAN,36152020,1,01F0A003,B8BB00000757C70B
CAN,36152031,1,01F0A004,016E5E4EFF631108
CAN,36152056,1,02F0A009,27108E1103E80000
A1,36152091,977
MSG,36355538,Accelerometer not ready
MSG,36556002,Gyroscope not ready
ERR,am whoami,0
ERR,am whoami,0
CAN,37360010,1,01F0A020,0000000000000000
CAN,37360021,1,01F0A010,0000000000323200
CAN,37360032,1,01F0A011,0000000000000000
CAN,37360043,1,01F0A005,0000009300D3000A
A1,37360077,991
MSG,37563538,Accelerometer not ready
MSG,37764002,Gyroscope not ready
ERR,am whoami,0
ERR,am whoami,0
CAN,38568009,1,01F0A000,29D11C803A48113B
CAN,38568034,1,01F0A003,B8BB00000755C754
CAN,38568045,1,01F0A004,01B15E4EFF631108
CAN,38568056,1,01F0A004,01A85F4EFF631108
A1,38568090,971
MSG,38771538,Accelerometer not ready
MSG,38972002,Gyroscope not ready
ERR,am whoami,0
ERR,am whoami,0
CAN,39776010,1,01F0A005,0000009700D1000A
CAN,39776020,1,01F0A006,30902800ACFF8000
CAN,39776031,1,01F0A007,FFFF00CC00328201
CAN,39776042,1,01F0A00A,6464646464640000
A1,39776077,981
MSG,39979538,Accelerometer not ready
MSG,40180002,Gyroscope not ready
ERR,am whoami,0
ERR,am whoami,0
CAN,40984009,1,01F0A000,2E861D233C86113C
CAN,40984020,1,01F0A003,B8BB00000758C77D
CAN,40984031,1,01F0A004,01B9614EFF631108
CAN,40984042,1,01F0A005,000000A900DB000A
A1,40984077,992
MSG,41187538,Accelerometer not ready
MSG,41388002,Gyroscope not ready
ERR,am whoami,0
ERR,am whoami,0
CAN,42192010,1,01F0A020,0000000000000000
CAN,42192021,1,01F0A010,0000000000323200
CAN,42192032,1,01F0A011,0000000000000000
CAN,42192043,1,02F0A009,27108E1103E80000
A1,42192077,980
MSG,42395552,Accelerometer not ready
MSG,42596002,Gyroscope not ready
ERR,am whoami,0
ERR,am whoami,0
CAN,43400009,1,01F0A000,3A3D0A72319C113C
CAN,43400020,1,01F0A003,B8BB00000777C731
CAN,43400031,1,01F0A004,00C15B4EFF631108
CAN,43400042,1,01F0A005,0000008600D3000A
A1,43400077,974
MSG,43603538,Accelerometer not ready
MSG,43804002,Gyroscope not ready
ERR,am whoami,0
ERR,am whoami,0
CAN,44608009,1,01F0A000,26BE1DEC3938113D
CAN,44608020,1,01F0A003,B8BB0000074DC79C
CAN,44608031,1,01F0A004,01C45B4EFF631108
CAN,44608056,1,01F0A000,2DE91CC93B8E113D
A1,44608090,994
MSG,44811538,Accelerometer not ready
MSG,45012002,Gyroscope not ready
ERR,am whoami,0
ERR,am whoami,0
CAN,45816009,1,01F0A003,B8BB00000758C7CC
CAN,45816020,1,01F0A004,01B5604EFF631108
CAN,45816031,1,01F0A005,000000A900DC000A
CAN,45816042,1,01F0A012,0192000000003200
A1,45816077,995
MSG,46019538,Accelerometer not ready
MSG,46220002,Gyroscope not ready
ERR,am whoami,0
ERR,am whoami,0
CAN,47024009,1,01F0A000,2E451B603C55113D
CAN,47024020,1,01F0A003,B8BB00000758C801
CAN,47024045,1,01F0A004,01A2604EFF631108
CAN,47024056,1,01F0A005,000000B100DF000A
A1,47024090,1010
MSG,47227538,Accelerometer not ready
MSG,47428002,Gyroscope not ready
ERR,am whoami,0
ERR,am whoami,0
CAN,48232009,1,01F0A00B,03E80D7A00003200
CAN,48232020,1,01F0A00A,6464646464640000
CAN,48232031,1,01F0A000,2FB91D713CB7113E
CAN,48232042,1,02F0A009,27108E1103E80000
A1,48232076,995
MSG,48435538,Accelerometer not ready
MSG,48636002,Gyroscope not ready
ERR,am whoami,0
ERR,am whoami,0
CAN,49440009,1,01F0A000,362214F13D19113E
CAN,49440020,1,01F0A003,B8BB00000773C845
CAN,49440031,1,01F0A004,014D5F4EFF631108
CAN,49440042,1,01F0A005,00000097009C000A
A1,49440077,987
MSG,49643538,Accelerometer not ready
MSG,49844002,Gyroscope not ready
ERR,am whoami,0
ERR,am whoami,0
CAN,50648010,1,01F0A020,0000000000000000
CAN,50648021,1,01F0A010,0000000000323200
CAN,50648032,1,01F0A011,0000000000000000
CAN,50648043,1,01F0A012,0192000000003200
A1,50648077,988
MSG,50851538,Accelerometer not ready
MSG,51052002,Gyroscope not ready
ERR,am whoami,0
ERR,am whoami,0
CAN,51856009,1,01F0A000,396D14D13C71113F
CAN,51856020,1,01F0A003,B8BB00000776C77D
CAN,51856031,1,01F0A004,014B5F4EFF631108
CAN,51856042,1,02F0A009,27108E1103E80000
A1,51856076,991
MSG,52059538,Accelerometer not ready
MSG,52260002,Gyroscope not ready
ERR,am whoami,0
ERR,am whoami,0
CAN,53064009,1,01F0A000,3920127C3B53113F
CAN,53064020,1,01F0A003,B8BB00000776C81C
CAN,53064031,1,01F0A004,012C5E4EFF631108
CAN,53064056,1,01F0A005,00000086008F000A
A1,53064091,1006
MSG,53267538,Accelerometer not ready
MSG,53468002,Gyroscope not ready
ERR,am whoami,0
ERR,am whoami,0
CAN,54272009,1,01F0A000,381E124D3A7B1140
CAN,54272020,1,01F0A020,0000000000000000
CAN,54272031,1,01F0A010,0000000000323200
CAN,54272043,1,01F0A011,0000000000000000
A1,54272077,1008
MSG,54475538,Accelerometer not ready
MSG,54676002,Gyroscope not ready
ERR,am whoami,0
ERR,am whoami,0
CAN,55480009,1,01F0A006,25902900ACFF8000
CAN,55480020,1,01F0A012,0192000000003200
CAN,55480045,1,01F0A007,FFFF00CC00328201
CAN,55480056,1,01F0A005,00000084008A000A
A1,55480091,1008
MSG,55683538,Accelerometer not ready
MSG,55884002,Gyroscope not ready
ERR,am whoami,0
ERR,am whoami,0
CAN,56688009,1,01F0A00B,03E80D7A00003200
CAN,56688020,1,01F0A00A,6464646464640000
CAN,56688031,1,01F0A000,39B612193A621140
CAN,56688042,1,01F0A00A,6464646464640000
A1,56688076,1016
MSG,56891538,Accelerometer not ready
MSG,57092002,Gyroscope not ready
ERR,am whoami,0
ERR,am whoami,0
CAN,57896009,1,01F0A000,394712963A561141
CAN,57896020,1,01F0A003,B8BB00000776C84B
CAN,57896031,1,01F0A004,012D5E4EFF631108
CAN,57896042,1,02F0A009,27108E1103E80000
A1,57896076,1020
MSG,58099538,Accelerometer not ready
MSG,58300002,Gyroscope not ready
ERR,am whoami,0
ERR,am whoami,0
CAN,59104010,1,01F0A020,0000000000000000
CAN,59104021,1,01F0A010,0000000000323200
CAN,59104032,1,01F0A011,0000000000000000
CAN,59104043,1,01F0A005,000000870090000A
A1,59104077,1012
MSG,59307538,Accelerometer not ready
MSG,59508002,Gyroscope not ready
ERR,am whoami,0
ERR,am whoami,0
CAN,60312009,1,01F0A000,382B11AF3A861141
CAN,60312020,1,01F0A003,B8BB00000776C735
CAN,60312031,1,01F0A004,01215E4FFF631108
CAN,60312042,1,02F0A009,27108E1103E80000
A1,60312076,1019
MSG,60515538,Accelerometer not ready
MSG,60716002,Gyroscope not ready
ERR,am whoami,0
ERR,am whoami,0
CAN,61520009,1,01F0A000,38E111993A181142
CAN,61520020,1,01F0A003,B8BB00000776C832
CAN,61520031,1,01F0A004,01205E4EFF631108
CAN,61520042,1,01F0A003,B8BB00000775C81A
A1,61520090,1023
MSG,61723538,Accelerometer not ready
MSG,61924002,Gyroscope not ready
ERR,am whoami,0
ERR,am whoami,0
CAN,62728009,1,01F0A004,01335F4EFF631108
CAN,62728020,1,01F0A005,0000008B009A000A
CAN,62728031,1,01F0A020,0000000000000000
CAN,62728043,1,01F0A010,0000000000323200
A1,62728077,1023
MSG,62931538,Accelerometer not ready
MSG,63132002,Gyroscope not ready
ERR,am whoami,0
ERR,am whoami,0
CAN,63936010,1,01F0A012,0192000000003200
CAN,63936020,1,01F0A000,26DB1AFD38DC1142
CAN,63936045,1,01F0A003,B8BB0000074EC837
CAN,63936056,1,02F0A009,27108E1103E80000
A1,63936091,1023
MSG,64139538,Accelerometer not ready
MSG,64340002,Gyroscope not ready
ERR,am whoami,0
ERR,am whoami,0
CAN,65144009,1,01F0A000,2A1C1E9839A21143
CAN,65144020,1,01F0A00B,03E80D7A00003200
CAN,65144031,1,01F0A00A,6464646464640000
CAN,65144042,1,01F0A00A,6464646464640000
A1,65144077,1023
MSG,65347538,Accelerometer not ready
MSG,65548002,Gyroscope not ready
ERR,am whoami,0
ERR,am whoami,0
CAN,66352009,1,01F0A000,29EF1EEF3B5C1143
CAN,66352020,1,01F0A003,B8BB00000755C856
CAN,66352031,1,01F0A004,01D15F4FFF631108
CAN,66352042,1,01F0A007,FFFF00CC00328201
A1,66352076,1023
MSG,66555538,Accelerometer not ready
MSG,66756002,Gyroscope not ready
ERR,am whoami,0
ERR,am whoami,0
CAN,67560009,1,02F0A009,27108E1103E80000
CAN,67560020,1,01F0A020,0000000000000000
CAN,67560031,1,01F0A010,0000000000323200
CAN,67560043,1,01F0A012,0192000000003200
A1,67560077,1023
MSG,67763538,Accelerometer not ready
MSG,67964002,Gyroscope not ready
ERR,am whoami,0
ERR,am whoami,0
CAN,68768009,1,01F0A000,3999150D3BEE1144
CAN,68768020,1,01F0A003,B8BB00000776C7F4
CAN,68768031,1,01F0A004,014E5F4EFF631108
CAN,68768042,1,01F0A005,0000008D0092000A
A1,68768077,1023
MSG,68971537,Accelerometer not ready
MSG,69172002,Gyroscope not ready
ERR,am whoami,0
ERR,am whoami,0
CAN,69976009,1,01F0A000,39CE11BF3BA51144
CAN,69976020,1,01F0A003,B8BB00000776C820
CAN,69976031,1,01F0A004,01225E4EFF631108
CAN,69976042,1,02F0A009,27108E1103E80000
A1,69976090,1023
MSG,70180538,Accelerometer not ready
MSG,70381002,Gyroscope not ready
ERR,am whoami,0
ERR,am whoami,0
CAN,71185009,1,01F0A000,3A0710473B431144
CAN,71185020,1,01F0A003,B8BB00000776C7FB
CAN,71185031,1,01F0A004,010F5D4EFF631108
CAN,71185042,1,01F0A011,0000000000000000
A1,71185077,1023
MSG,71388538,Accelerometer not ready
MSG,71589002,Gyroscope not ready
ERR,am whoami,0
ERR,am whoami,0
CAN,72393010,1,01F0A012,0192000000003200
CAN,72393020,1,01F0A000,395614333ABB1145
CAN,72393045,1,01F0A003,B8BB00000776C80D
CAN,72393056,1,02F0A009,27108E1103E80000
A1,72393091,1023
MSG,72596538,Accelerometer not ready
MSG,72797002,Gyroscope not ready
ERR,am whoami,0
ERR,am whoami,0
CAN,73601010,1,01F0A00B,03E80D7A00003200
CAN,73601020,1,01F0A00A,6464646464640000
CAN,73601031,1,01F0A000,390A108B3A861145
CAN,73601042,1,01F0A000,390412E23A291145
A1,73601077,1023
MSG,73804538,Accelerometer not ready
MSG,74005002,Gyroscope not ready
ERR,am whoami,0
ERR,am whoami,0
CAN,74809009,1,01F0A003,B8BB00000776C86C
CAN,74809020,1,01F0A004,01315E4DFF631108
CAN,74809031,1,01F0A005,000000910098000A
CAN,74809042,1,01F0A005,0000008E009B000A
A1,74809077,1023
MSG,75012538,Accelerometer not ready
MSG,75213002,Gyroscope not ready
ERR,am whoami,0
ERR,am whoami,0
CAN,76017009,1,01F0A000,36EC12EC38D91146
CAN,76017020,1,01F0A020,0000000000000000
CAN,76017031,1,01F0A010,0000000000323200
CAN,76017042,1,02F0A009,27108E1103E80000
A1,76017077,1023
MSG,76220538,Accelerometer not ready
MSG,76421002,Gyroscope not ready
ERR,am whoami,0
ERR,am whoami,0
CAN,77225009,1,01F0A000,36BD11C438DC1146
CAN,77225020,1,01F0A003,B8BB00000775C843
CAN,77225031,1,01F0A004,01225E4EFF631108
CAN,77225042,1,01F0A005,0000008B00CA000A
A1,77225076,1023
MSG,77428538,Accelerometer not ready
MSG,77629002,Gyroscope not ready
ERR,am whoami,0
ERR,am whoami,0
CAN,78433009,1,01F0A000,28B61A9238D91146
CAN,78433020,1,01F0A003,B8BB00000753C8C6
CAN,78433031,1,01F0A004,01975C4EFF631108
CAN,78433042,1,01F0A006,2F902600ACFF8000
A1,78433090,1023
MSG,78636538,Accelerometer not ready
MSG,78837002,Gyroscope not ready
ERR,am whoami,0
ERR,am whoami,0
CAN,79641009,1,02F0A009,27108E1103E80000
CAN,79641021,1,01F0A020,0000000000000000
CAN,79641032,1,01F0A010,0000000000323200
CAN,79641042,1,02F0A009,27108E1103E80000
A1,79641077,1023
MSG,79844538,Accelerometer not ready
MSG,80045002,Gyroscope not ready
ERR,am whoami,0
ERR,am whoami,0
CAN,80849010,1,01F0A010,0000000000323200
CAN,80849020,1,01F0A000,2B7C20883B071147
CAN,80849045,1,01F0A011,0000000000000000
CAN,80849057,1,01F0A005,00000095008D000A
A1,80849091,1023
MSG,81052538,Accelerometer not ready
MSG,81253002,Gyroscope not ready
ERR,am whoami,0
ERR,am whoami,0
CAN,82057009,1,01F0A000,3FAE11463AB71147
CAN,82057020,1,01F0A003,B8BB00000779C867
CAN,82057031,1,01F0A004,011C5E4EFF631108
CAN,82057042,1,01F0A00A,6464646464640000
A1,82057076,1023
MSG,82260538,Accelerometer not ready
MSG,82461002,Gyroscope not ready
ERR,am whoami,0
ERR,am whoami,0
CAN,83265009,1,01F0A000,3B3C11823D431147
CAN,83265020,1,01F0A003,B8BB00000777C85B
CAN,83265031,1,01F0A004,011F5E4EFF631108
CAN,83265042,1,01F0A005,000000930098000A
A1,83265077,1023
MSG,83468538,Accelerometer not ready
MSG,83669002,Gyroscope not ready
ERR,am whoami,0
ERR,am whoami,0
CAN,84473010,1,01F0A020,0000000000000000
CAN,84473021,1,01F0A010,0000000000323200
CAN,84473032,1,01F0A011,0000000000000000
CAN,84473043,1,01F0A004,01305E4EFF631108
A1,84473077,1023
MSG,84676537,Accelerometer not ready
MSG,84877002,Gyroscope not ready
ERR,am whoami,0
ERR,am whoami,0
CAN,85681009,1,01F0A006,25902800ACFF8000
CAN,85681020,1,01F0A007,FFFF00CC00328201
CAN,85681031,1,02F0A009,27108E1103E80000
CAN,85681042,1,02F0A009,27108E1103E80000
A1,85681077,1023
MSG,85884538,Accelerometer not ready
MSG,86085002,Gyroscope not ready
ERR,am whoami,0
ERR,am whoami,0
CAN,86889009,1,01F0A000,2A761FBD3B981148
CAN,86889020,1,01F0A003,B8BB00000756C858
CAN,86889031,1,01F0A004,01C95F4EFF631108
CAN,86889042,1,01F0A005,000000AD00DC000A
A1,86889091,1023
MSG,87092538,Accelerometer not ready
MSG,87293002,Gyroscope not ready
ERR,am whoami,0
ERR,am whoami,0
CAN,88097009,1,01F0A000,2EF91AD73C311148
CAN,88097020,1,01F0A003,B8BB00000758C808
CAN,88097031,1,01F0A004,019B604EFF631108
CAN,88097042,1,02F0A009,27108E1103E80000
A1,88097077,1023
MSG,88300538,Accelerometer not ready
MSG,88501002,Gyroscope not ready
ERR,am whoami,0
ERR,am whoami,0
CAN,89305010,1,01F0A020,0000000000000000
CAN,89305021,1,01F0A010,0000000000323200
CAN,89305046,1,01F0A011,0000000000000000
CAN,89305057,1,01F0A005,000000AF00E4000A
A1,89305091,1023
MSG,89508538,Accelerometer not ready
MSG,89709002,Gyroscope not ready
ERR,am whoami,0
ERR,am whoami,0
CAN,90513009,1,01F0A00B,03E80D7A00003200
CAN,90513020,1,01F0A00A,6464646464640000
CAN,90513031,1,01F0A000,2E811F313CC81149
CAN,90513042,1,01F0A000,356818E33D201149
A1,90513076,1023
MSG,90716538,Accelerometer not ready
MSG,90917002,Gyroscope not ready
ERR,am whoami,0
ERR,am whoami,0
CAN,91721009,1,01F0A003,B8BB00000770C92A
CAN,91721020,1,01F0A004,0181614EFF631108
CAN,91721031,1,01F0A005,000000AF00C5000A
CAN,91721042,1,02F0A009,27108E1103E80000
A1,91721077,1023
MSG,91924538,Accelerometer not ready
MSG,92125002,Gyroscope not ready
ERR,am whoami,0
ERR,am whoami,0
CAN,92929009,1,01F0A000,3AE510883CDF1149
CAN,92929020,1,01F0A003,B8BB00000777C89D
CAN,92929031,1,01F0A004,01125D4EFF631108
CAN,92929042,1,01F0A012,0192000000003200
A1,92929077,1023
MSG,93132538,Accelerometer not ready
MSG,93333002,Gyroscope not ready
ERR,am whoami,0
ERR,am whoami,0
CAN,94137009,1,01F0A000,3A5B14523B24114A
CAN,94137020,1,01F0A003,B8BB00000777C891
CAN,94137031,1,01F0A004,01445F4EFF631108
CAN,94137042,1,02F0A009,27108E1103E80000
A1,94137076,1023
MSG,94340538,Accelerometer not ready
MSG,94541002,Gyroscope not ready
ERR,am whoami,0
ERR,am whoami,0
CAN,95345009,1,01F0A000,2F6F1613382F114A
CAN,95345020,1,01F0A003,B9BB00000758C91C
CAN,95345031,1,01F0A004,015C5E4EFF631108
CAN,95345042,1,01F0A008,3274007300282800
A1,95345090,1023
MSG,95548538,Accelerometer not ready
MSG,95749002,Gyroscope not ready
ERR,am whoami,0
ERR,am whoami,0
CAN,96553009,1,01F0A000,2BB21E713A98114A
CAN,96553020,1,01F0A020,0000000000000000
CAN,96553031,1,01F0A010,0000000000323200
CAN,96553043,1,01F0A005,000000C000F6000A
A1,96553077,1023
MSG,96756538,Accelerometer not ready
MSG,96957002,Gyroscope not ready
ERR,am whoami,0
ERR,am whoami,0
CAN,97761009,1,01F0A000,2E4E20203BB2114A
CAN,97761020,1,01F0A003,B8BB00000759C84F
CAN,97761045,1,01F0A020,0000000000000000
CAN,97761056,1,01F0A012,0192000000003200
A1,97761091,1023
MSG,97964538,Accelerometer not ready
MSG,98165002,Gyroscope not ready
ERR,am whoami,0
ERR,am whoami,0
CAN,98969009,1,01F0A000,2E161D4D3C7C114A
CAN,98969020,1,01F0A003,B8BB00000758C970
CAN,98969031,1,01F0A004,01BB614EFF631108
CAN,98969042,1,01F0A005,000000AE00DB000A
A1,98969077,1023
MSG,99172538,Accelerometer not ready
MSG,99373002,Gyroscope not ready
ERR,am whoami,0
ERR,am whoami,0
CAN,100177023,1,01F0A00A,6464646464640000
CAN,100177034,1,01F0A000,2FD21D033CE1114B
CAN,100177045,1,01F0A003,94BB00000759C8D8
CAN,100177056,1,02F0A009,27108E1103E80000
A1,100177091,1023
MSG,100380538,Accelerometer not ready
MSG,100581002,Gyroscope not ready
ERR,am whoami,0
ERR,am whoami,0
CAN,101385010,1,01F0A020,0000000000000000
CAN,101385021,1,01F0A010,0000000000323200
CAN,101385032,1,01F0A011,0000000000000000
CAN,101385043,1,01F0A003,B8BB0000075CC899
A1,101385078,1023
MSG,101588538,Accelerometer not ready
MSG,101789002,Gyroscope not ready
ERR,am whoami,0
ERR,am whoami,0
CAN,102593010,1,01F0A012,0192000000003200
CAN,102593020,1,01F0A004,01465E4EFF631108
CAN,102593031,1,01F0A005,0000008200A1000A
CAN,102593043,1,01F0A005,000000870080000A
A1,102593077,1023
MSG,102796538,Accelerometer not ready
MSG,102997002,Gyroscope not ready
ERR,am whoami,0
ERR,am whoami,0
CAN,103801009,1,01F0A000,3F1A0F753D5B114B
CAN,103801020,1,01F0A003,B8BB00000779C868
CAN,103801031,1,01F0A004,01045D4EFF631108
CAN,103801056,1,02F0A009,27108E1103E80000
A1,103801091,1023
MSG,104004538,Accelerometer not ready
MSG,104205002,Gyroscope not ready
ERR,am whoami,0
ERR,am whoami,0
CAN,105009009,1,01F0A000,3A5912AF3D61114C
CAN,105009020,1,01F0A003,B8BB00000777C887
CAN,105009031,1,01F0A004,012F5E4EFF631108
CAN,105009042,1,01F0A005,00000089008C000A
A1,105009077,1023
MSG,105212538,Accelerometer not ready
MSG,105413002,Gyroscope not ready
ERR,am whoami,0
ERR,am whoami,0
CAN,106217010,1,01F0A020,0000000000000000
CAN,106217035,1,01F0A010,0000000000323200
CAN,106217046,1,01F0A011,0000000000000000
CAN,106217057,1,02F0A009,27108E1103E80000
A1,106217092,1023
MSG,106420538,Accelerometer not ready
MSG,106621002,Gyroscope not ready
ERR,am whoami,0
ERR,am whoami,0
CAN,107425009,1,01F0A000,3A1C13723B30114D
CAN,107425020,1,01F0A00B,03E80D7A00003200
CAN,107425031,1,01F0A00A,6464646464640000
CAN,107425042,1,01F0A000,2CD415F8364E114D
A1,107425077,1023
MSG,107628538,Accelerometer not ready
MSG,107829002,Gyroscope not ready
ERR,am whoami,0
ERR,am whoami,0
CAN,108633009,1,01F0A003,B8BB00000757C853
CAN,108633020,1,01F0A00B,03E80D7A00003200
CAN,108633031,1,01F0A00A,6464646464640000
CAN,108633042,1,01F0A00A,6464646464640000
A1,108633077,1023
MSG,108836538,Accelerometer not ready
MSG,109037002,Gyroscope not ready
ERR,am whoami,0
ERR,am whoami,0
CAN,109841009,1,01F0A000,23A51E1F3895114D
CAN,109841020,1,01F0A003,B9BB00000747C90E
CAN,109841031,1,01F0A004,01C6594EFF631108
CAN,109841042,1,01F0A010,0000000000323200
A1,109841091,1023
MSG,110044538,Accelerometer not ready
MSG,110245002,Gyroscope not ready
ERR,am whoami,0
ERR,am whoami,0
CAN,111049010,1,01F0A012,0192000000003200
CAN,111049020,1,01F0A000,27EF1A6B3493114E
CAN,111049031,1,01F0A003,B8BB00000751C8ED
CAN,111049042,1,01F0A005,0000006400D2000A
A1,111049077,1023
MSG,111252538,Accelerometer not ready
MSG,111453002,Gyroscope not ready
ERR,am whoami,0
ERR,am whoami,0
CAN,112257009,1,01F0A000,1D0020E63061114E
CAN,112257020,1,01F0A003,B8BB00000747C8E9
CAN,112257045,1,01F0A004,01EB564EFF631108
CAN,112257056,1,01F0A007,FFFF00CC00328201
A1,112257091,1023
MSG,112460538,Accelerometer not ready
MSG,112661002,Gyroscope not ready
ERR,am whoami,0
ERR,am whoami,0
CAN,113465009,1,02F0A009,27108E1103E80000
CAN,113465020,1,01F0A000,1D0A224B306C114E
CAN,113465031,1,01F0A003,B9BB00000747C912
CAN,113465042,1,02F0A009,27108E1103E80000
A1,113465077,1023
MSG,113668538,Accelerometer not ready
MSG,113869002,Gyroscope not ready
ERR,am whoami,0
ERR,am whoami,0
CAN,114673009,1,01F0A003,B8BB00000747C8CA
CAN,114673020,1,01F0A004,0229564EFF631108
CAN,114673031,1,01F0A005,0000006A00E4000A
CAN,114673043,1,01F0A012,0192000000003200
A1,114673077,1023
MSG,114876538,Accelerometer not ready
MSG,115077002,Gyroscope not ready
ERR,am whoami,0
ERR,am whoami,0
CAN,115881009,1,01F0A000,1FCD210D3094114F
CAN,115881020,1,01F0A003,B8BB00000747C939
CAN,115881031,1,01F0A004,01ED574FFF631108
CAN,115881042,1,02F0A009,27108E1103E80000
A1,115881077,1023
MSG,116084538,Accelerometer not ready
MSG,116285002,Gyroscope not ready
ERR,am whoami,0
ERR,am whoami,0
CAN,117089010,1,01F0A00B,03E80D7A00003200
CAN,117089020,1,01F0A00A,6464646464640000
CAN,117089031,1,01F0A000,1EC01F323056114F
CAN,117089042,1,01F0A005,0000005B00CC000A
A1,117089077,1023
MSG,117292538,Accelerometer not ready
MSG,117493002,Gyroscope not ready
ERR,am whoami,0
ERR,am whoami,0
CAN,118297009,1,01F0A000,1B0824C6308B1150
CAN,118297020,1,01F0A020,0000000000000000
CAN,118297032,1,01F0A010,0000000000323200
CAN,118297056,1,01F0A003,B8BB00000747C950
A1,118297091,1023
MSG,118500538,Accelerometer not ready
MSG,118701002,Gyroscope not ready
ERR,am whoami,0
ERR,am whoami,0
CAN,119505010,1,01F0A020,0000000000000000
CAN,119505021,1,01F0A010,0000000000323200
CAN,119505032,1,01F0A004,01CF564FFF631108
CAN,119505043,1,01F0A012,0192000000003200
A1,119505077,1023
MSG,119708538,Accelerometer not ready
MSG,119909002,Gyroscope not ready
ERR,am whoami,0
ERR,am whoami,0
CAN,120713009,1,01F0A000,24841D1239CB1150
CAN,120713034,1,01F0A003,B8BB00000748C967
CAN,120713045,1,01F0A004,01B8594EFF631108
CAN,120713056,1,01F0A005,000000830081000A
A1,120713091,1023
MSG,120916538,Accelerometer not ready
MSG,121117002,Gyroscope not ready
ERR,am whoami,0
ERR,am whoami,0
CAN,121921009,1,01F0A000,3CC3114A3F411150
CAN,121921020,1,01F0A003,B8BB00000778C8CA
CAN,121921031,1,01F0A004,011C5E4FFF631108
CAN,121921042,1,02F0A009,27108E1103E80000
A1,121921077,1023
MSG,122124538,Accelerometer not ready
MSG,122325002,Gyroscope not ready
ERR,am whoami,0
ERR,am whoami,0
CAN,123129010,1,01F0A020,0000000000000000
CAN,123129021,1,01F0A010,0000000000323200
CAN,123129032,1,01F0A011,0000000000000000
CAN,123129043,1,01F0A005,000000AC009F000A
A1,123129078,1023
MSG,123332538,Accelerometer not ready
MSG,123533002,Gyroscope not ready
ERR,am whoami,0
ERR,am whoami,0
CAN,124337009,1,01F0A000,40EF137845611150
CAN,124337020,1,01F0A003,B8BB0000077AC86E
CAN,124337031,1,01F0A004,0139614EFF631108
CAN,124337042,1,01F0A004,0132684EFF631108
A1,124337091,1023
MSG,124540538,Accelerometer not ready
MSG,124741002,Gyroscope not ready
ERR,am whoami,0
ERR,am whoami,0
CAN,125545010,1,01F0A005,000000C200A7000A
CAN,125545020,1,01F0A006,28903600ACFF8000
CAN,125545031,1,01F0A007,FFFF00CC00328201
CAN,125545042,1,01F0A00A,6464646464640000
A1,125545077,1023
MSG,125748538,Accelerometer not ready
MSG,125949002,Gyroscope not ready
ERR,am whoami,0
ERR,am whoami,0
CAN,126753009,1,01F0A000,476D10F4451B1151
CAN,126753020,1,01F0A003,B8BB0000077FC7AF
CAN,126753045,1,01F0A004,0118654EFF631108
CAN,126753056,1,01F0A005,000000B30096000A
A1,126753091,1023
MSG,126956538,Accelerometer not ready
MSG,127157002,Gyroscope not ready
ERR,am whoami,0
ERR,am whoami,0
CAN,127961010,1,01F0A020,0000000000000000
CAN,127961021,1,01F0A010,0000000000323200
CAN,127961032,1,01F0A011,0000000000000000
CAN,127961043,1,02F0A009,27108E1103E80000
A1,127961078,1023
MSG,128164538,Accelerometer not ready
MSG,128365002,Gyroscope not ready
ERR,am whoami,0
ERR,am whoami,0
CAN,129169009,1,01F0A000,49AF10E145BB1252
CAN,129169020,1,01F0A003,B8BB00000780C8A2
CAN,129169031,1,01F0A004,0117624EFF631108
CAN,129169042,1,01F0A005,000000A30089000A
A1,129169077,1023
MSG,129372538,Accelerometer not ready
MSG,129573002,Gyroscope not ready
ERR,am whoami,0
ERR,am whoami,0
CAN,130377009,1,01F0A000,471E0F7E44681152
CAN,130377020,1,01F0A003,B8BB0000077FC8E6
CAN,130377031,1,01F0A004,0104644EFF631108
CAN,130377042,1,01F0A000,4738120845201152
A1,130377077,1023
MSG,130580538,Accelerometer not ready
MSG,130781002,Gyroscope not ready
ERR,am whoami,0
ERR,am whoami,0
CAN,131585009,1,01F0A004,0126654EFF631108
CAN,131585020,1,01F0A005,000000BA009C000A
CAN,131585031,1,01F0A006,26903500ACFF8000
CAN,131585042,1,01F0A012,0192000000003200
A1,131585077,1023
MSG,131788538,Accelerometer not ready
MSG,131989002,Gyroscope not ready
ERR,am whoami,0
ERR,am whoami,0
CAN,132793009,1,01F0A000,499011EE46561152
CAN,132793020,1,01F0A003,B8BB00000780C890
CAN,132793031,1,01F0A004,0125624EFF631108
CAN,132793056,1,01F0A005,000000B2008D000A
A1,132793091,1023
MSG,132996538,Accelerometer not ready
MSG,133197002,Gyroscope not ready
ERR,am whoami,0
ERR,am whoami,0
CAN,134001010,1,01F0A00B,03E80D7A00003200
CAN,134001020,1,01F0A00A,6464646464640000
CAN,134001031,1,01F0A000,4BE610F246B71153
CAN,134001042,1,02F0A009,27108E1103E80000
A1,134001077,1023
MSG,134204538,Accelerometer not ready
MSG,134405002,Gyroscope not ready
ERR,am whoami,0
ERR,am whoami,0
CAN,135209009,1,01F0A000,4C500EDC475F1153
CAN,135209034,1,01F0A003,B8BB00000780C86D
CAN,135209045,1,01F0A004,00FC5F4EFF631108
CAN,135209056,1,01F0A005,000000AE008A000A
A1,135209091,1023
MSG,135412536,Accelerometer not ready
MSG,135613002,Gyroscope not ready
ERR,am whoami,0
ERR,am whoami,0
CAN,136417010,1,01F0A020,0000000000000000
CAN,136417021,1,01F0A010,0000000000323200
CAN,136417032,1,01F0A011,0000000000000000
CAN,136417043,1,01F0A012,0192000000003200
A1,136417078,1023
MSG,136620536,Accelerometer not ready
MSG,136821002,Gyroscope not ready
ERR,am whoami,0
ERR,am whoami,0
CAN,137625009,1,01F0A000,4CAC109347801154
CAN,137625020,1,01F0A003,B8BB00000780C86A
CAN,137625031,1,01F0A004,0113604EFF631108
CAN,137625042,1,02F0A009,27108E1103E80000
A1,137625077,1023
MSG,137830538,Accelerometer not ready
MSG,138031002,Gyroscope not ready
ERR,am whoami,0
ERR,am whoami,0
CAN,138835009,1,01F0A000,4C2210F447AE1154
CAN,138835020,1,01F0A003,B9BB00000780C823
CAN,138835031,1,01F0A004,0118614EFF631108
CAN,138835042,1,01F0A005,000000B10089000A
A1,138835091,1023
MSG,139038538,Accelerometer not ready
MSG,139239002,Gyroscope not ready
ERR,am whoami,0
ERR,am whoami,0
CAN,140043009,1,01F0A000,4D9F0F1C47991154
CAN,140043020,1,01F0A020,0000000000000000
CAN,140043032,1,01F0A010,0000000000323200
CAN,140043043,1,02F0A009,27108E1103E80000
A1,140043077,1023
MSG,140246538,Accelerometer not ready
MSG,140447002,Gyroscope not ready
ERR,am whoami,0
ERR,am whoami,0
CAN,141251009,1,01F0A000,4BDE0F22478B1155
CAN,141251020,1,01F0A003,B8BB00000780C897
CAN,141251045,1,01F0A004,0100604EFF631108
CAN,141251056,1,01F0A005,000000B2008B000A
A1,141251091,1023
MSG,141454538,Accelerometer not ready
MSG,141655002,Gyroscope not ready
ERR,am whoami,0
ERR,am whoami,0
CAN,142459010,1,01F0A00B,03E80D7A00003200
CAN,142459020,1,01F0A00A,6464646464640000
CAN,142459031,1,01F0A000,4D14101747A61255
CAN,142459042,1,01F0A003,B8BB00000780C89F
A1,142459077,1023
MSG,142662538,Accelerometer not ready
MSG,142863002,Gyroscope not ready
ERR,am whoami,0
ERR,am whoami,0
CAN,143667010,1,01F0A005,00000093007B000A
CAN,143667021,1,01F0A006,21902E00ACFF8000
CAN,143667031,1,01F0A007,FFFF00CC00328201
CAN,143667042,1,02F0A009,27108E1103E80000
A1,143667077,1023
MSG,143870538,Accelerometer not ready
MSG,144071002,Gyroscope not ready
ERR,am whoami,0
ERR,am whoami,0
CAN,144875010,1,01F0A020,0000000000000000
CAN,144875021,1,01F0A010,0000000000323200
CAN,144875032,1,01F0A000,3EA611E341EA1256
CAN,144875043,1,01F0A005,000000880083000A
A1,144875077,1023
MSG,145078538,Accelerometer not ready
MSG,145279002,Gyroscope not ready
ERR,am whoami,0
ERR,am whoami,0
CAN,146083009,1,01F0A000,3E9710043FCD1256
CAN,146083020,1,01F0A003,B9BB00000779C8BD
CAN,146083031,1,01F0A004,010B5D4EFF631108
CAN,146083042,1,02F0A009,27108E1103E80000
A1,146083077,1023
MSG,146286538,Accelerometer not ready
MSG,146487002,Gyroscope not ready
ERR,am whoami,0
ERR,am whoami,0
CAN,147291009,1,01F0A000,397112FB3C021256
CAN,147291020,1,01F0A003,B8BB00000776C8C6
CAN,147291031,1,01F0A004,01335E4EFF631108
CAN,147291056,1,01F0A005,0000006600A0000A
A1,147291091,1023
MSG,147494538,Accelerometer not ready
MSG,147695002,Gyroscope not ready
ERR,am whoami,0
ERR,am whoami,0
CAN,148499010,1,01F0A020,0000000000000000
CAN,148499021,1,01F0A010,0000000000323200
CAN,148499032,1,01F0A011,0000000000000000
CAN,148499043,1,01F0A000,272018DF35BF1257
A1,148499078,1023
MSG,148702538,Accelerometer not ready
MSG,148903002,Gyroscope not ready
ERR,am whoami,0
ERR,am whoami,0
CAN,149707009,1,01F0A003,B6BB0000074FC93A
CAN,149707034,1,01F0A004,01815A4FFF631108
CAN,149707045,1,01F0A005,0000007000AC000A
CAN,149707056,1,02F0A009,27108E1103E80000
A1,149707091,1023
MSG,149910538,Accelerometer not ready
MSG,150111002,Gyroscope not ready
ERR,am whoami,0
ERR,am whoami,0
CAN,150915009,1,01F0A000,1E55200132841257
CAN,150915020,1,01F0A00B,03E80D7A00003200
CAN,150915031,1,01F0A00A,6464646464640000
CAN,150915042,1,01F0A00A,6464646464640000
A1,150915077,1023
MSG,151118538,Accelerometer not ready
MSG,151319002,Gyroscope not ready
ERR,am whoami,0
ERR,am whoami,0
CAN,152123009,1,01F0A000,20991D9D30561258
CAN,152123020,1,01F0A003,B8BB00000747C6FE
CAN,152123031,1,01F0A004,01C0564EFF631308
CAN,152123042,1,02F0A009,27108E1103E80000
A1,152123077,1023
MSG,152326538,Accelerometer not ready
MSG,152527002,Gyroscope not ready
ERR,am whoami,0
ERR,am whoami,0
CAN,153331010,1,01F0A020,0000000000000000
CAN,153331021,1,01F0A010,0000000000323200
CAN,153331032,1,01F0A011,0000000000000000
CAN,153331043,1,01F0A005,000000A40103000A
A1,153331092,1023
MSG,153534538,Accelerometer not ready
MSG,153735002,Gyroscope not ready
ERR,am whoami,0
ERR,am whoami,0
CAN,154539009,1,01F0A000,263421993E6E1258
CAN,154539020,1,01F0A003,B8BB0000074DC6D6
CAN,154539031,1,01F0A004,01F45D4EFF631308
CAN,154539042,1,01F0A008,3271987198282800
A1,154539077,1023
MSG,154742538,Accelerometer not ready
MSG,154943002,Gyroscope not ready
ERR,am whoami,0
ERR,am whoami,0
CAN,155747009,1,01F0A000,3CE7133B40BE1258
CAN,155747020,1,01F0A003,B8BB00000778C658
CAN,155747045,1,01F0A004,01365F4EFF631308
CAN,155747056,1,02F0A009,27108E1103E80000
A1,155747091,1023
MSG,155950538,Accelerometer not ready
MSG,156151002,Gyroscope not ready
ERR,am whoami,0
ERR,am whoami,0
CAN,156955009,1,01F0A000,3C6B126641851258
CAN,156955020,1,01F0A003,B8BB00000778C68E
CAN,156955031,1,01F0A004,012B5E4EFF631308
CAN,156955042,1,01F0A012,0192000000003200
A1,156955077,1023
MSG,157158538,Accelerometer not ready
MSG,157359002,Gyroscope not ready
ERR,am whoami,0
ERR,am whoami,0
CAN,158163009,1,01F0A000,3E48112A40661258
CAN,158163020,1,01F0A003,B8BB00000779C5F5
CAN,158163031,1,01F0A004,011A5E4EFF631308
CAN,158163042,1,02F0A009,27108E1103E80000
A1,158163077,1023
MSG,158366538,Accelerometer not ready
MSG,158567002,Gyroscope not ready
ERR,am whoami,0
ERR,am whoami,0
CAN,159371010,1,01F0A00B,03E80D7A00003200
CAN,159371020,1,01F0A00A,6464646464640000
CAN,159371031,1,01F0A000,3E410F35415B1258
CAN,159371042,1,01F0A005,000000980091000A
A1,159371077,1023
MSG,159574538,Accelerometer not ready
MSG,159775002,Gyroscope not ready
ERR,am whoami,0
ERR,am whoami,0
CAN,160579009,1,01F0A008,3271F371F3282800
CAN,160579020,1,01F0A000,3EE3109D42091258
CAN,160579031,1,01F0A020,0000000000000000
CAN,160579042,1,01F0A005,00000070007E000A
A1,160579077,1023
MSG,160782538,Accelerometer not ready
MSG,160983002,Gyroscope not ready
ERR,am whoami,0
ERR,am whoami,0
CAN,161787009,1,01F0A000,348E0F5335C11258
CAN,161787020,1,01F0A003,B8BB0000076EC5A4
CAN,161787031,1,01F0A020,0000000000000000
CAN,161787057,1,01F0A012,0192000000003200
A1,161787091,1023
MSG,161990538,Accelerometer not ready
MSG,162191002,Gyroscope not ready
ERR,am whoami,0
ERR,am whoami,0
CAN,162995009,1,01F0A000,21E61D3230751257
CAN,162995020,1,01F0A003,B8BB00000747C679
CAN,162995031,1,01F0A004,01BA574EFF631308
CAN,162995042,1,01F0A005,0000005900CB000A
A1,162995077,1023
MSG,163198538,Accelerometer not ready
MSG,163399002,Gyroscope not ready
ERR,am whoami,0
ERR,am whoami,0
CAN,164203009,1,01F0A000,1B49237530201257
CAN,164203034,1,01F0A003,B8BB00000747C6AC
CAN,164203045,1,01F0A004,020D554EFF631308
CAN,164203056,1,02F0A009,27108E1103E80000
A1,164203091,1023
MSG,164406538,Accelerometer not ready
MSG,164607002,Gyroscope not ready
ERR,am whoami,0
ERR,am whoami,0
CAN,165411010,1,01F0A020,0000000000000000
CAN,165411021,1,01F0A010,0000000000323200
CAN,165411032,1,01F0A011,0000000000000000
CAN,165411043,1,01F0A000,1C94218A305E1257
A1,165411077,1023
MSG,165614538,Accelerometer not ready
MSG,165815002,Gyroscope not ready
ERR,am whoami,0
ERR,am whoami,0
CAN,166619009,1,01F0A003,B8BB00000747C69D
CAN,166619021,1,01F0A012,0192000000003200
CAN,166619031,1,01F0A004,01F4564FFF631308
CAN,166619043,1,01F0A005,0000005E00BC000A
A1,166619077,1023
MSG,166822538,Accelerometer not ready
MSG,167023002,Gyroscope not ready
ERR,am whoami,0
ERR,am whoami,0
CAN,167827009,1,01F0A000,1DF81E7C301E1257
CAN,167827020,1,01F0A003,B8BB00000747C70C
CAN,167827031,1,01F0A004,01CB554EFF631308
CAN,167827042,1,01F0A00A,6464646464640000
A1,167827091,1023
MSG,168030538,Accelerometer not ready
MSG,168231002,Gyroscope not ready
ERR,am whoami,0
ERR,am whoami,0
CAN,169035009,1,01F0A000,1BF6229230531257
CAN,169035020,1,01F0A003,ACBB00000747C6F7
CAN,169035031,1,01F0A004,0201554EFF631308
CAN,169035042,1,01F0A005,0000005800C9000A
A1,169035077,1023
MSG,169238538,Accelerometer not ready
MSG,169439002,Gyroscope not ready
ERR,am whoami,0
ERR,am whoami,0
CAN,170243010,1,01F0A020,0000000000000000
CAN,170243021,1,01F0A010,0000000000323200
CAN,170243046,1,01F0A011,0000000000000000
CAN,170243057,1,01F0A007,FFFF00CC00328201
A1,170243092,1023
MSG,170446538,Accelerometer not ready
MSG,170647002,Gyroscope not ready
ERR,am whoami,0
ERR,am whoami,0
CAN,171451009,1,02F0A009,27108E1103E80000
CAN,171451020,1,01F0A000,20161A1D30271256
CAN,171451031,1,01F0A003,B8BB00000747C69A
CAN,171451042,1,02F0A009,27108E1103E80000
A1,171451077,1023
MSG,171654538,Accelerometer not ready
MSG,171855002,Gyroscope not ready
ERR,am whoami,0
ERR,am whoami,0
CAN,172659009,1,01F0A003,B8BB00000747C6DF
CAN,172659020,1,01F0A004,01C4564EFF631308
CAN,172659031,1,01F0A005,0000006500BD000A
CAN,172659043,1,01F0A005,0000006C00C4000A
A1,172659077,1023
MSG,172862538,Accelerometer not ready
MSG,173063002,Gyroscope not ready
ERR,am whoami,0
ERR,am whoami,0
CAN,173867009,1,01F0A000,20B81F15350B1256
CAN,173867020,1,01F0A003,B8BB00000747C6E4
CAN,173867031,1,01F0A004,01D3574EFF631308
CAN,173867042,1,01F0A020,0000000000000000
A1,173867077,1023
MSG,174070538,Accelerometer not ready
MSG,174271002,Gyroscope not ready
ERR,am whoami,0
ERR,am whoami,0
CAN,175075010,1,01F0A010,0000000000323200
CAN,175075021,1,01F0A011,0000000000000000
CAN,175075032,1,01F0A012,0192000000003200
CAN,175075043,1,01F0A005,0000009D0092000A
A1,175075078,1023
MSG,175278538,Accelerometer not ready
MSG,175479002,Gyroscope not ready
ERR,am whoami,0
ERR,am whoami,0
CAN,176283009,1,01F0A00B,03E80D7A00003200
CAN,176283020,1,01F0A00A,6464646464640000
CAN,176283031,1,01F0A000,4052117A43A81255
CAN,176283056,1,01F0A005,000000DF00AF000A
A1,176283091,1023
MSG,176486538,Accelerometer not ready
MSG,176687002,Gyroscope not ready
ERR,am whoami,0
ERR,am whoami,0
CAN,177491009,1,01F0A006,2A903F00ACFF8000
CAN,177491020,1,01F0A007,FFFF00CC00328201
CAN,177491031,1,02F0A009,27108E1103E80000
CAN,177491042,1,02F0A009,27108E1103E80000
A1,177491077,1023
MSG,177694538,Accelerometer not ready
MSG,177895002,Gyroscope not ready
ERR,am whoami,0
ERR,am whoami,0
CAN,178699009,1,01F0A000,535A157551261254
CAN,178699034,1,01F0A003,B9BB00000783C656
CAN,178699045,1,01F0A004,01535F4EFF631308
CAN,178699056,1,01F0A012,0192000000003200
A1,178699091,1023
MSG,178902538,Accelerometer not ready
MSG,179103002,Gyroscope not ready
ERR,am whoami,0
ERR,am whoami,0
CAN,179907009,1,01F0A000,59B2130A55B11254
CAN,179907020,1,01F0A003,B8BB00000785C627
CAN,179907031,1,01F0A004,01335F4EFF631308
CAN,179907042,1,02F0A009,27108E1103E80000
A1,179907077,1023
MSG,180110538,Accelerometer not ready
MSG,180311002,Gyroscope not ready
ERR,am whoami,0
ERR,am whoami,0
CAN,181115009,1,01F0A000,66D91C7F5FD71254
CAN,181115020,1,01F0A003,B8BB00000784C65A
CAN,181115031,1,01F0A004,01B1654EFF631308
CAN,181115042,1,01F0A005,0000013500B7000A
A1,181115077,1023
MSG,181318538,Accelerometer not ready
MSG,181519002,Gyroscope not ready
ERR,am whoami,0
ERR,am whoami,0
CAN,182323009,1,01F0A000,657015F85E031254
CAN,182323021,1,01F0A020,0000000000000000
CAN,182323032,1,01F0A010,0000000000323200
CAN,182323043,1,01F0A003,B8BB00000785C647
A1,182323091,1023
MSG,182526538,Accelerometer not ready
MSG,182727002,Gyroscope not ready
ERR,am whoami,0
ERR,am whoami,0
CAN,183531009,1,01F0A004,017C634EFF631308
CAN,183531020,1,01F0A020,0000000000000000
CAN,183531032,1,01F0A010,0000000000323200
CAN,183531043,1,01F0A012,0192000000003200
A1,183531077,1023
MSG,183734538,Accelerometer not ready
MSG,183935002,Gyroscope not ready
ERR,am whoami,0
ERR,am whoami,0
CAN,184739009,1,01F0A000,555E10994F2D1254
CAN,184739020,1,01F0A003,B8BB00000784C697
CAN,184739045,1,01F0A004,01135C4EFF631308
CAN,184739056,1,01F0A00A,6464646464640000
A1,184739091,1023
MSG,184942538,Accelerometer not ready
MSG,185143002,Gyroscope not ready
ERR,am whoami,0
ERR,am whoami,0
CAN,185947009,1,01F0A000,4C3D0F5445381253
CAN,185947020,1,01F0A003,B8BB00000780C646
CAN,185947031,1,01F0A004,0102604DFF631308
CAN,185947042,1,02F0A009,27108E1103E80000
A1,185947077,1023
MSG,186150538,Accelerometer not ready
MSG,186351002,Gyroscope not ready
ERR,am whoami,0
ERR,am whoami,0
CAN,187155010,1,01F0A020,0000000000000000
CAN,187155021,1,01F0A010,0000000000323200
CAN,187155032,1,01F0A000,605E14BC5CAC1254
CAN,187155043,1,01F0A004,0199644EFF630308
A1,187155077,1023
MSG,187358538,Accelerometer not ready
MSG,187559002,Gyroscope not ready
ERR,am whoami,0
ERR,am whoami,0
CAN,188363010,1,01F0A012,0192000000003200
CAN,188363021,1,01F0A005,0000019C00D7000A
CAN,188363032,1,01F0A000,727C1AAF674F1254
CAN,188363042,1,01F0A000,72E91B6863581253
A1,188363077,1023
MSG,188566552,Accelerometer not ready
MSG,188767002,Gyroscope not ready
ERR,am whoami,0
ERR,am whoami,0
CAN,189571009,1,01F0A004,01A2654EFF631308
CAN,189571020,1,01F0A005,000001A600DD000A
CAN,189571031,1,01F0A006,31906F00ACFF8000
CAN,189571042,1,02F0A009,27108E1103E80000
A1,189571077,1023
MSG,189774538,Accelerometer not ready
MSG,189975002,Gyroscope not ready
ERR,am whoami,0
ERR,am whoami,0
CAN,190779009,1,01F0A000,71E916E663121253
CAN,190779020,1,01F0A003,B8BB00000786C614
CAN,190779031,1,01F0A004,0166634FFF630308
CAN,190779056,1,01F0A005,0000004C0082000A
A1,190779091,1023
MSG,190982538,Accelerometer not ready
MSG,191183002,Gyroscope not ready
ERR,am whoami,0
ERR,am whoami,0
CAN,191987010,1,01F0A020,0000000000000000
CAN,191987021,1,01F0A010,0000000000323200
CAN,191987032,1,01F0A011,0000000000000000
CAN,191987043,1,02F0A009,27108E1103E80000
A1,191987078,1023
MSG,192190538,Accelerometer not ready
MSG,192391002,Gyroscope not ready
ERR,am whoami,0
ERR,am whoami,0
CAN,193195009,1,01F0A000,0A3645392F251354
CAN,193195034,1,01F0A00B,03E80D7A00003200
CAN,193195045,1,01F0A00A,6464646464640000
CAN,193195056,1,01F0A005,000000000000000A
A1,193195091,1023
MSG,193398538,Accelerometer not ready
MSG,193599002,Gyroscope not ready
ERR,am whoami,0
ERR,am whoami,0
CAN,194403009,1,01F0A00B,03E80D7A00003200
CAN,194403020,1,01F0A00A,6464646464640000
CAN,194403031,1,01F0A000,000045F72F451354
CAN,194403042,1,01F0A00A,6464646464640000
A1,194403077,1023
MSG,194606538,Accelerometer not ready
MSG,194807016,Gyroscope not ready
ERR,am whoami,0
ERR,am whoami,0
CAN,195611009,1,01F0A000,0000459F2F3C1354
CAN,195611020,1,01F0A003,B7BB0000073001C0
CAN,195611032,1,01F0A004,03D20015FF000200
CAN,195611043,1,01F0A012,0192000000003200
A1,195611077,1023
MSG,195814538,Accelerometer not ready
MSG,196015002,Gyroscope not ready
ERR,am whoami,0
ERR,am whoami,0
CAN,196819009,1,01F0A000,0000461C2F2E1355
CAN,196819020,1,01F0A003,B8BB0000073001BF
CAN,196819031,1,01F0A004,03D90012FF000200
CAN,196819043,1,01F0A005,000000000000000A
A1,196819091,1023
MSG,197022538,Accelerometer not ready
MSG,197223002,Gyroscope not ready
ERR,am whoami,0
ERR,am whoami,0
CAN,198027009,1,01F0A000,000045482F111355
CAN,198027020,1,01F0A003,B8BB0000073001BF
CAN,198027032,1,01F0A004,03CE0010FF000200
CAN,198027042,1,02F0A009,27108E1103E80000
A1,198027077,1023
MSG,198230538,Accelerometer not ready
MSG,198431002,Gyroscope not ready
ERR,am whoami,0
ERR,am whoami,0
CAN,199235009,1,01F0A000,0000461E2F491355
CAN,199235020,1,01F0A003,B8BB0000073001BF
CAN,199235045,1,01F0A004,03D9000FFF000200
CAN,199235057,1,01F0A005,000000000000000A
A1,199235091,1023
MSG,199438538,Accelerometer not ready
MSG,199639002,Gyroscope not ready
ERR,am whoami,0
ERR,am whoami,0
CAN,200443010,1,01F0A020,0000000000000000
CAN,200443021,1,01F0A010,0000000000323200
CAN,200443032,1,01F0A011,0000000000000000
CAN,200443043,1,01F0A012,0192000000003200
A1,200443078,1023
MSG,200646538,Accelerometer not ready
MSG,200847002,Gyroscope not ready
ERR,am whoami,0
ERR,am whoami,0
CAN,201651009,1,01F0A000,0000456B2F0C1355
CAN,201651020,1,01F0A003,B8BB0000073001B4
CAN,201651032,1,01F0A004,03CF000DFF000200
CAN,201651043,1,02F0A009,27108E1103E80000
A1,201651077,1023
MSG,201854538,Accelerometer not ready
MSG,202055002,Gyroscope not ready
ERR,am whoami,0
ERR,am whoami,0
CAN,202859010,1,01F0A00B,03E80D7A00003200
CAN,202859020,1,01F0A00A,6464646464640000
CAN,202859031,1,01F0A000,000045EA2F2B1355
CAN,202859043,1,01F0A005,000000000000000A
A1,202859077,1023
MSG,203063538,Accelerometer not ready
MSG,203264002,Gyroscope not ready
ERR,am whoami,0
ERR,am whoami,0
A1,204068034,1023
MSG,204271538,Accelerometer not ready
MSG,204472002,Gyroscope not ready
ERR,am whoami,0
ERR,am whoami,0
A1,205276034,1023
MSG,205479538,Accelerometer not ready
MSG,205680002,Gyroscope not ready
ERR,am whoami,0
ERR,am whoami,0
A1,206484034,1023
MSG,206687538,Accelerometer not ready
MSG,206888002,Gyroscope not ready
ERR,am whoami,0
ERR,am whoami,0
A1,207692034,1023
MSG,207895552,Accelerometer not ready
MSG,208096002,Gyroscope not ready
ERR,am whoami,0
ERR,am whoami,0
A1,208900034,1023
MSG,209103538,Accelerometer not ready
MSG,209304002,Gyroscope not ready
ERR,am whoami,0
ERR,am whoami,0
A1,210108034,1023
MSG,210311538,Accelerometer not ready
MSG,210512002,Gyroscope not ready
ERR,am whoami,0
ERR,am whoami,0
A1,211316034,1023
MSG,211519538,Accelerometer not ready
MSG,211720002,Gyroscope not ready
ERR,am whoami,0
ERR,am whoami,0
A1,212524034,1023
MSG,212727538,Accelerometer not ready
MSG,212928002,Gyroscope not ready
ERR,am whoami,0
ERR,am whoami,0
A1,213732034,1023
MSG,213935538,Accelerometer not ready
MSG,214136002,Gyroscope not ready
ERR,am whoami,0
ERR,am whoami,0
A1,214940034,1023
MSG,215143538,Accelerometer not ready
MSG,215344002,Gyroscope not ready
ERR,am whoami,0
ERR,am whoami,0
A1,216148034,1023
MSG,216351538,Accelerometer not ready
MSG,216552002,Gyroscope not ready
ERR,am whoami,0
ERR,am whoami,0
A1,217356034,1023
MSG,217559538,Accelerometer not ready
MSG,217760002,Gyroscope not ready
ERR,am whoami,0
ERR,am whoami,0
A1,218564034,1023
MSG,218767538,Accelerometer not ready
MSG,218968002,Gyroscope not ready
ERR,am whoami,0
ERR,am whoami,0
A1,219772034,1023
MSG,219975538,Accelerometer not ready
MSG,220176002,Gyroscope not ready
ERR,am whoami,0
ERR,am whoami,0
A1,220980034,1023
MSG,221183538,Accelerometer not ready
MSG,221384002,Gyroscope not ready
ERR,am whoami,0
ERR,am whoami,0
A1,222188034,1023
MSG,222391538,Accelerometer not ready
MSG,222592002,Gyroscope not ready
ERR,am whoami,0
ERR,am whoami,0
A1,223396034,1023
MSG,223599538,Accelerometer not ready
MSG,223800002,Gyroscope not ready
ERR,am whoami,0
ERR,am whoami,0
A1,224604034,1023
MSG,224807538,Accelerometer not ready
MSG,225008002,Gyroscope not ready
ERR,am whoami,0
ERR,am whoami,0
A1,225812034,1023
MSG,226015538,Accelerometer not ready
MSG,226216002,Gyroscope not ready
ERR,am whoami,0
ERR,am whoami,0
A1,227020034,1023
MSG,227223538,Accelerometer not ready
MSG,227424002,Gyroscope not ready
ERR,am whoami,0
ERR,am whoami,0
A1,228228034,1023
MSG,228431538,Accelerometer not ready
MSG,228632002,Gyroscope not ready
ERR,am whoami,0
ERR,am whoami,0
A1,229436034,1023
MSG,229639538,Accelerometer not ready
MSG,229840002,Gyroscope not ready
ERR,am whoami,0
ERR,am whoami,0
A1,230644034,1023
MSG,230847538,Accelerometer not ready
MSG,231048002,Gyroscope not ready
ERR,am whoami,0
ERR,am whoami,0
A1,231852034,1023
MSG,232055538,Accelerometer not ready
MSG,232256002,Gyroscope not ready
ERR,am whoami,0
ERR,am whoami,0
A1,233060034,1023
MSG,233263538,Accelerometer not ready
MSG,233464002,Gyroscope not ready
ERR,am whoami,0
ERR,am whoami,0
A1,234268034,1023
MSG,234471538,Accelerometer not ready
MSG,234672002,Gyroscope not ready
ERR,am whoami,0
ERR,am whoami,0
A1,235476034,1023
MSG,235679538,Accelerometer not ready
MSG,235880002,Gyroscope not ready
ERR,am whoami,0
ERR,am whoami,0
A1,236684034,1023
MSG,236887538,Accelerometer not ready
MSG,237088002,Gyroscope not ready
ERR,am whoami,0
ERR,am whoami,0
A1,237892034,1023
MSG,238095538,Accelerometer not ready
MSG,238296002,Gyroscope not ready
ERR,am whoami,0
ERR,am whoami,0
A1,239100034,1021
MSG,239303538,Accelerometer not ready
MSG,239504002,Gyroscope not ready
ERR,am whoami,0
ERR,am whoami,0
A1,240308034,1019
MSG,240511538,Accelerometer not ready
MSG,240712002,Gyroscope not ready
ERR,am whoami,0
ERR,am whoami,0
A1,241516034,1016
MSG,241719538,Accelerometer not ready
MSG,241920002,Gyroscope not ready
ERR,am whoami,0
ERR,am whoami,0
A1,242724034,1011
MSG,242927538,Accelerometer not ready
MSG,243128002,Gyroscope not ready
ERR,am whoami,0
ERR,am whoami,0
A1,243932034,1005
MSG,244135538,Accelerometer not ready
MSG,244336002,Gyroscope not ready
ERR,am whoami,0
ERR,am whoami,0
A1,245140034,1003
MSG,245343538,Accelerometer not ready
MSG,245544002,Gyroscope not ready
ERR,am whoami,0
ERR,am whoami,0
A1,246348034,1000
MSG,246551538,Accelerometer not ready
MSG,246752002,Gyroscope not ready
ERR,am whoami,0
ERR,am whoami,0
A1,247556034,996
MSG,247759538,Accelerometer not ready
MSG,247960002,Gyroscope not ready
ERR,am whoami,0
ERR,am whoami,0
A1,248764034,990
MSG,248967538,Accelerometer not ready
MSG,249168002,Gyroscope not ready
ERR,am whoami,0
ERR,am whoami,0
A1,249972034,990
MSG,250175538,Accelerometer not ready
MSG,250376002,Gyroscope not ready
ERR,am whoami,0
ERR,am whoami,0
A1,251180034,986
MSG,251383538,Accelerometer not ready
MSG,251584016,Gyroscope not ready
ERR,am whoami,0
ERR,am whoami,0
A1,252388034,981
MSG,252591538,Accelerometer not ready
MSG,252792002,Gyroscope not ready
ERR,am whoami,0
ERR,am whoami,0
A1,253596034,977
MSG,253799538,Accelerometer not ready
MSG,254000002,Gyroscope not ready
ERR,am whoami,0
ERR,am whoami,0
A1,254804034,976
MSG,255007538,Accelerometer not ready
MSG,255208002,Gyroscope not ready
ERR,am whoami,0
ERR,am whoami,0
A1,256012034,968
MSG,256215538,Accelerometer not ready
MSG,256416002,Gyroscope not ready
ERR,am whoami,0
ERR,am whoami,0
A1,257220034,970
MSG,257423538,Accelerometer not ready
MSG,257624002,Gyroscope not ready
ERR,am whoami,0
ERR,am whoami,0
A1,258428034,963
MSG,258631538,Accelerometer not ready
MSG,258832002,Gyroscope not ready
ERR,am whoami,0
ERR,am whoami,0
A1,259636034,960
MSG,259839538,Accelerometer not ready
MSG,260040002,Gyroscope not ready
ERR,am whoami,0
ERR,am whoami,0
A1,260844034,955
MSG,261047538,Accelerometer not ready
MSG,261248002,Gyroscope not ready
ERR,am whoami,0
ERR,am whoami,0
A1,262052034,956
MSG,262255538,Accelerometer not ready
MSG,262456002,Gyroscope not ready
ERR,am whoami,0
ERR,am whoami,0
A1,263260034,950
MSG,263463538,Accelerometer not ready
MSG,263664002,Gyroscope not ready
ERR,am whoami,0
ERR,am whoami,0
A1,264468034,948
MSG,264671538,Accelerometer not ready
MSG,264872002,Gyroscope not ready
ERR,am whoami,0
ERR,am whoami,0
A1,265676034,946
MSG,265879538,Accelerometer not ready
MSG,266080002,Gyroscope not ready
ERR,am whoami,0
ERR,am whoami,0
A1,266884034,942
MSG,267087538,Accelerometer not ready
MSG,267288002,Gyroscope not ready
ERR,am whoami,0
ERR,am whoami,0
A1,268092034,938
MSG,268295538,Accelerometer not ready
MSG,268496002,Gyroscope not ready
ERR,am whoami,0
ERR,am whoami,0
A1,269300034,935
MSG,269503538,Accelerometer not ready
MSG,269704002,Gyroscope not ready
ERR,am whoami,0
ERR,am whoami,0
A1,270508034,930
MSG,270711538,Accelerometer not ready
MSG,270912002,Gyroscope not ready
ERR,am whoami,0
ERR,am whoami,0
A1,271716034,928
MSG,271919538,Accelerometer not ready
MSG,272120002,Gyroscope not ready
ERR,am whoami,0
ERR,am whoami,0
A1,272924034,927
MSG,273127538,Accelerometer not ready
MSG,273328002,Gyroscope not ready
ERR,am whoami,0
ERR,am whoami,0
A1,274132034,925
MSG,274335538,Accelerometer not ready
MSG,274536002,Gyroscope not ready
ERR,am whoami,0
ERR,am whoami,0
A1,275340034,919
MSG,275543538,Accelerometer not ready
MSG,275744002,Gyroscope not ready
ERR,am whoami,0
ERR,am whoami,0
A1,276548034,916
MSG,276751538,Accelerometer not ready
MSG,276952002,Gyroscope not ready
ERR,am whoami,0
ERR,am whoami,0
A1,277756034,916
MSG,277959538,Accelerometer not ready
MSG,278160002,Gyroscope not ready
ERR,am whoami,0
ERR,am whoami,0
A1,278964034,913
MSG,279167538,Accelerometer not ready
MSG,279368002,Gyroscope not ready
ERR,am whoami,0
ERR,am whoami,0
A1,280172034,911
MSG,280375538,Accelerometer not ready
MSG,280576002,Gyroscope not ready
ERR,am whoami,0
ERR,am whoami,0
A1,281380034,908
MSG,281583538,Accelerometer not ready
MSG,281784002,Gyroscope not ready
ERR,am whoami,0
ERR,am whoami,0
A1,282588034,905
MSG,282791538,Accelerometer not ready
MSG,282992002,Gyroscope not ready
ERR,am whoami,0
ERR,am whoami,0
A1,283796034,901
MSG,283999538,Accelerometer not ready
MSG,284200002,Gyroscope not ready
ERR,am whoami,0
ERR,am whoami,0
A1,285004034,897
MSG,285207538,Accelerometer not ready
MSG,285408002,Gyroscope not ready
ERR,am whoami,0
ERR,am whoami,0
A1,286212034,898
MSG,286415538,Accelerometer not ready
MSG,286616002,Gyroscope not ready
ERR,am whoami,0
ERR,am whoami,0
A1,287420034,892
MSG,287623538,Accelerometer not ready
MSG,287824002,Gyroscope not ready
ERR,am whoami,0
ERR,am whoami,0
A1,288628034,889
MSG,288831538,Accelerometer not ready
MSG,289032002,Gyroscope not ready
ERR,am whoami,0
ERR,am whoami,0
A1,289836034,890
MSG,290039538,Accelerometer not ready
MSG,290240002,Gyroscope not ready
ERR,am whoami,0
ERR,am whoami,0
A1,291044034,885
MSG,291247538,Accelerometer not ready
MSG,291448002,Gyroscope not ready
ERR,am whoami,0
ERR,am whoami,0
A1,292252034,883
MSG,292455538,Accelerometer not ready
MSG,292656002,Gyroscope not ready
ERR,am whoami,0
ERR,am whoami,0
A1,293460034,880
MSG,293663538,Accelerometer not ready
MSG,293864002,Gyroscope not ready
ERR,am whoami,0
ERR,am whoami,0
A1,294668034,879
MSG,294871538,Accelerometer not ready
MSG,295072002,Gyroscope not ready
ERR,am whoami,0
ERR,am whoami,0
A1,295876034,874
MSG,296079538,Accelerometer not ready
MSG,296280002,Gyroscope not ready
ERR,am whoami,0
ERR,am whoami,0
A1,297084034,872
MSG,297287538,Accelerometer not ready
MSG,297488002,Gyroscope not ready
ERR,am whoami,0
ERR,am whoami,0
A1,298292034,872
MSG,298495538,Accelerometer not ready
MSG,298696002,Gyroscope not ready
ERR,am whoami,0
ERR,am whoami,0
A1,299500034,868
MSG,299703538,Accelerometer not ready
MSG,299904002,Gyroscope not ready
ERR,am whoami,0
ERR,am whoami,0
A1,300708034,867
MSG,300911538,Accelerometer not ready
MSG,301112002,Gyroscope not ready
ERR,am whoami,0
ERR,am whoami,0
A1,301916034,863
MSG,302119538,Accelerometer not ready
MSG,302320002,Gyroscope not ready
ERR,am whoami,0
ERR,am whoami,0
A1,303124034,860
MSG,303327538,Accelerometer not ready
MSG,303528002,Gyroscope not ready
ERR,am whoami,0
ERR,am whoami,0
A1,304332034,858
MSG,304535537,Accelerometer not ready
MSG,304736002,Gyroscope not ready
ERR,am whoami,0
ERR,am whoami,0
A1,305540034,855
MSG,305743552,Accelerometer not ready
MSG,305944002,Gyroscope not ready
ERR,am whoami,0
ERR,am whoami,0
A1,306748034,854
MSG,306951538,Accelerometer not ready
MSG,307152002,Gyroscope not ready
ERR,am whoami,0
ERR,am whoami,0
A1,307956034,851
MSG,308159538,Accelerometer not ready
MSG,308360002,Gyroscope not ready
ERR,am whoami,0
ERR,am whoami,0
A1,309164034,849
MSG,309367538,Accelerometer not ready
MSG,309568002,Gyroscope not ready
ERR,am whoami,0
ERR,am whoami,0
A1,310372034,848
MSG,310575538,Accelerometer not ready
MSG,310776002,Gyroscope not ready
ERR,am whoami,0
ERR,am whoami,0
A1,311580034,847
MSG,311783538,Accelerometer not ready
MSG,311984002,Gyroscope not ready
ERR,am whoami,0
ERR,am whoami,0
A1,312788034,844
MSG,312991538,Accelerometer not ready
MSG,313192002,Gyroscope not ready
ERR,am whoami,0
ERR,am whoami,0
A1,313996034,839
MSG,314199538,Accelerometer not ready
MSG,314400002,Gyroscope not ready
ERR,am whoami,0
ERR,am whoami,0
A1,315204034,838
MSG,315407538,Accelerometer not ready
MSG,315608002,Gyroscope not ready
ERR,am whoami,0
ERR,am whoami,0
A1,316412034,838
MSG,316673536,Accelerometer not ready
MSG,316874002,Gyroscope not ready
ERR,am whoami,0
ERR,am whoami,0
A1,317678034,832
MSG,317881536,Accelerometer not ready
MSG,318082002,Gyroscope not ready
ERR,am whoami,0
ERR,am whoami,0
A1,318886034,833
MSG,319089536,Accelerometer not ready
MSG,319290002,Gyroscope not ready
ERR,am whoami,0
ERR,am whoami,0
A1,320094034,828
MSG,320297536,Accelerometer not ready
MSG,320498002,Gyroscope not ready
ERR,am whoami,0
ERR,am whoami,0
A1,321302034,829
MSG,321505536,Accelerometer not ready
MSG,321706002,Gyroscope not ready
ERR,am whoami,0
ERR,am whoami,0
A1,322510034,827
MSG,322713536,Accelerometer not ready
MSG,322914002,Gyroscope not ready
ERR,am whoami,0
ERR,am whoami,0
A1,323718034,826
MSG,323921536,Accelerometer not ready
MSG,324122002,Gyroscope not ready
ERR,am whoami,0
ERR,am whoami,0
A1,324926034,819
MSG,325129536,Accelerometer not ready
MSG,325330002,Gyroscope not ready
ERR,am whoami,0
ERR,am whoami,0
A1,326134034,818
MSG,326337536,Accelerometer not ready
MSG,326538002,Gyroscope not ready
ERR,am whoami,0
ERR,am whoami,0
A1,327342034,820
MSG,327545536,Accelerometer not ready
MSG,327746002,Gyroscope not ready
ERR,am whoami,0
ERR,am whoami,0
A1,328550034,814
MSG,328753536,Accelerometer not ready
MSG,328954002,Gyroscope not ready
ERR,am whoami,0
ERR,am whoami,0
A1,329758034,812
MSG,329961536,Accelerometer not ready
MSG,330162015,Gyroscope not ready
ERR,am whoami,0
ERR,am whoami,0
A1,330966034,813
MSG,331169536,Accelerometer not ready
MSG,331370002,Gyroscope not ready
ERR,am whoami,0
ERR,am whoami,0
A1,332174034,810
MSG,332377536,Accelerometer not ready
MSG,332578002,Gyroscope not ready
ERR,am whoami,0
ERR,am whoami,0
A1,333382034,808
MSG,333585536,Accelerometer not ready
MSG,333786002,Gyroscope not ready
ERR,am whoami,0
ERR,am whoami,0
A1,334590034,804
MSG,334793536,Accelerometer not ready
MSG,334994002,Gyroscope not ready
ERR,am whoami,0
ERR,am whoami,0
A1,335798034,803
MSG,336001536,Accelerometer not ready
MSG,336202002,Gyroscope not ready
ERR,am whoami,0
ERR,am whoami,0
A1,337006034,801
MSG,337209536,Accelerometer not ready
MSG,337410002,Gyroscope not ready
ERR,am whoami,0
ERR,am whoami,0
A1,338214034,801
MSG,338417536,Accelerometer not ready
MSG,338618002,Gyroscope not ready
ERR,am whoami,0
ERR,am whoami,0
A1,339422034,800
MSG,339625536,Accelerometer not ready
MSG,339826002,Gyroscope not ready
ERR,am whoami,0
ERR,am whoami,0
A1,340630034,797
MSG,340833536,Accelerometer not ready
MSG,341034002,Gyroscope not ready
ERR,am whoami,0
ERR,am whoami,0
A1,341838034,795
MSG,342041536,Accelerometer not ready
MSG,342242002,Gyroscope not ready
ERR,am whoami,0
ERR,am whoami,0
A1,343046034,791
MSG,343249536,Accelerometer not ready
MSG,343450002,Gyroscope not ready
ERR,am whoami,0
ERR,am whoami,0
A1,344254034,792
